{"stat.useItem.18":180,"stat.useItem.6":23,"stat.useItem.35":333,"stat.useItem.85":10,"stat.useItem.323":32,"achievement.openInventory":36,"stat.useItem.89":1,"stat.jump":323,"achievement.exploreAllBiomes":{"value":0,"progress":["Plains"]},"stat.killEntity.Cow":4,"stat.mobKills":16,"stat.useItem.1":1971,"stat.useItem.57":11,"stat.useItem.3":1524,"stat.useItem.267":24,"stat.useItem.4":15,"stat.useItem.5":257,"stat.useItem.54":18,"stat.useItem.107":10,"stat.useItem.108":975,"stat.useItem.76":24,"stat.useItem.77":117,"stat.useItem.123":76,"stat.useItem.126":79,"stat.damageDealt":1960,"stat.drop":2,"stat.useItem.156":81,"stat.useItem.159":397,"stat.flyOneCm":4285110,"stat.useItem.134":245,"stat.killEntity.Sheep":6,"stat.useItem.155":730,"stat.useItem.98":10,"stat.useItem.139":31,"stat.useItem.69":43,"stat.killEntity.Pig":5,"stat.walkOneCm":675331,"stat.diveOneCm":954,"stat.swimOneCm":1930,"stat.useItem.351":145,"stat.useItem.45":3059,"stat.useItem.44":435,"stat.useItem.41":22,"stat.useItem.67":294,"stat.playOneMinute":303635}